"Garrett Regier","Jesse van den Kieboom"
"Garrett Regier","Jesse van den Kieboom"
"Ignacio Casal Quinteiro","Paolo Borelli"
"Ignacio Casal Quinteiro","Paolo Borelli"
"Ignacio Casal Quinteiro","Paolo Borelli"
"Ignacio Casal Quinteiro","Paolo Borelli"
"Ignacio Casal Quinteiro","Paolo Borelli"
"Ignacio Casal Quinteiro","Paolo Borelli"
"Ignacio Casal Quinteiro","Paolo Borelli"
"Ignacio Casal Quinteiro","Paolo Borelli"
"Ignacio Casal Quinteiro","Paolo Borelli"
"Ignacio Casal Quinteiro","Paolo Borelli"
"Ignacio Casal Quinteiro","Paolo Borelli"
"Ignacio Casal Quinteiro","Paolo Borelli"
"Ignacio Casal Quinteiro","Daniel Trebbien"
"Ignacio Casal Quinteiro","Jesse van den Kieboom"
"Ignacio Casal Quinteiro","Jesse van den Kieboom"
"Ignacio Casal Quinteiro","Jesse van den Kieboom"
"Ignacio Casal Quinteiro","Jesse van den Kieboom"
"Ignacio Casal Quinteiro","Jesse van den Kieboom"
"Ignacio Casal Quinteiro","Jesse van den Kieboom"
"Ignacio Casal Quinteiro","Jesse van den Kieboom"
"Paolo Borelli","Ignacio Casal Quinteiro"
"Paolo Borelli","Ignacio Casal Quinteiro"
"Paolo Borelli","Ignacio Casal Quinteiro"
"Paolo Borelli","Ignacio Casal Quinteiro"
"Paolo Borelli","Ignacio Casal Quinteiro"
"Paolo Borelli","Ignacio Casal Quinteiro"
"Paolo Borelli","Ignacio Casal Quinteiro"
"Paolo Borelli","Ignacio Casal Quinteiro"
"Paolo Borelli","Ignacio Casal Quinteiro"
"Paolo Borelli","Sebastien Bacher"
"Paolo Borelli","Daniel Trebbien"
"Paolo Borelli","Daniel Trebbien"
"Paolo Borelli","Daniel Trebbien"
"Paolo Borelli","Daniel Trebbien"
"Paolo Borelli","Daniel Trebbien"
"Paolo Borelli","Daniel Trebbien"
"Paolo Borelli","Daniel Trebbien"
"Paolo Borelli","Daniel Trebbien"
"Paolo Borelli","Jesse van den Kieboom"
"Paolo Borelli","Jesse van den Kieboom"
"Paolo Borelli","Jesse van den Kieboom"
"Paolo Borelli","Jesse van den Kieboom"
"Paolo Borelli","Jesse van den Kieboom"
"Paolo Borelli","Jesse van den Kieboom"
"Paolo Borelli","Jesse van den Kieboom"
"Paolo Borelli","Jesse van den Kieboom"
"Paolo Borelli","Jesse van den Kieboom"
"Paolo Borelli","Jesse van den Kieboom"
"Pin-hsien Li","Cheng-Chia Tseng"
"Pin-hsien Li","Cheng-Chia Tseng"
"Pin-hsien Li","Cheng-Chia Tseng"
"Anita Reitere","Jeremy Bicha"
"Anita Reitere","Jeremy Bicha"
"Anita Reitere","Jeremy Bicha"
"Sasi Bhushan","Jeremy Bicha"
"Sasi Bhushan","Jeremy Bicha"
"Sasi Bhushan","Jeremy Bicha"
"Antonio Fernandes C. Neto","Adorilson Bezerra"
"Antonio Fernandes C. Neto","Adorilson Bezerra"
"Antonio Fernandes C. Neto","Adorilson Bezerra"
"Sebastien Bacher","Paolo Borelli"
"Sebastien Bacher","Nathan Williams"
"Ibrahim Saed","Abderrahim Kitouni"
"Ibrahim Saed","Abderrahim Kitouni"
"Krasimir Chonov","Alexander Shopov"
"Krasimir Chonov","Alexander Shopov"
"Nathan Williams","Sebastien Bacher"
"Hannie Dumoleyn","Wouter Bolsterlee"
"Hannie Dumoleyn","Wouter Bolsterlee"
"Chao-Hsiung Liao","Cheng-Chia Tseng"
"Chao-Hsiung Liao","Cheng-Chia Tseng"
"Chao-Hsiung Liao","Cheng-Chia Tseng"
"Daniel Trebbien","Ignacio Casal Quinteiro"
"Daniel Trebbien","Ignacio Casal Quinteiro"
"Daniel Trebbien","Paolo Borelli"
"Daniel Trebbien","Paolo Borelli"
"Daniel Trebbien","Paolo Borelli"
"Daniel Trebbien","Paolo Borelli"
"Daniel Trebbien","Paolo Borelli"
"Daniel Trebbien","Paolo Borelli"
"Daniel Trebbien","Paolo Borelli"
"Daniel Trebbien","Jesse van den Kieboom"
"Daniel Trebbien","Jesse van den Kieboom"
"Daniel Trebbien","Jesse van den Kieboom"
"Daniel Trebbien","Jesse van den Kieboom"
"Daniel Trebbien","Jesse van den Kieboom"
"Automatic Mirroring","Funda Wang"
"Automatic Mirroring","Funda Wang"
"Javier Jardón","Jesse van den Kieboom"
"Javier Jardón","Jesse van den Kieboom"
"Javier Jardón","Jesse van den Kieboom"
"Jesse van den Kieboom","Garrett Regier"
"Jesse van den Kieboom","Garrett Regier"
"Jesse van den Kieboom","Ignacio Casal Quinteiro"
"Jesse van den Kieboom","Ignacio Casal Quinteiro"
"Jesse van den Kieboom","Ignacio Casal Quinteiro"
"Jesse van den Kieboom","Ignacio Casal Quinteiro"
"Jesse van den Kieboom","Ignacio Casal Quinteiro"
"Jesse van den Kieboom","Ignacio Casal Quinteiro"
"Jesse van den Kieboom","Ignacio Casal Quinteiro"
"Jesse van den Kieboom","Ignacio Casal Quinteiro"
"Jesse van den Kieboom","Ignacio Casal Quinteiro"
"Jesse van den Kieboom","Ignacio Casal Quinteiro"
"Jesse van den Kieboom","Ignacio Casal Quinteiro"
"Jesse van den Kieboom","Ignacio Casal Quinteiro"
"Jesse van den Kieboom","Ignacio Casal Quinteiro"
"Jesse van den Kieboom","Ignacio Casal Quinteiro"
"Jesse van den Kieboom","Ignacio Casal Quinteiro"
"Jesse van den Kieboom","Ignacio Casal Quinteiro"
"Jesse van den Kieboom","Ignacio Casal Quinteiro"
"Jesse van den Kieboom","Ignacio Casal Quinteiro"
"Jesse van den Kieboom","Ignacio Casal Quinteiro"
"Jesse van den Kieboom","Ignacio Casal Quinteiro"
"Jesse van den Kieboom","Ignacio Casal Quinteiro"
"Jesse van den Kieboom","Ignacio Casal Quinteiro"
"Jesse van den Kieboom","Ignacio Casal Quinteiro"
"Jesse van den Kieboom","Ignacio Casal Quinteiro"
"Jesse van den Kieboom","Ignacio Casal Quinteiro"
"Jesse van den Kieboom","Ignacio Casal Quinteiro"
"Jesse van den Kieboom","Ignacio Casal Quinteiro"
"Jesse van den Kieboom","Ignacio Casal Quinteiro"
"Jesse van den Kieboom","Ignacio Casal Quinteiro"
"Jesse van den Kieboom","Ignacio Casal Quinteiro"
"Jesse van den Kieboom","Ignacio Casal Quinteiro"
"Jesse van den Kieboom","Ignacio Casal Quinteiro"
"Jesse van den Kieboom","Paolo Borelli"
"Jesse van den Kieboom","Paolo Borelli"
"Jesse van den Kieboom","Paolo Borelli"
"Jesse van den Kieboom","Paolo Borelli"
"Jesse van den Kieboom","Paolo Borelli"
"Jesse van den Kieboom","Paolo Borelli"
"Jesse van den Kieboom","Paolo Borelli"
"Jesse van den Kieboom","Paolo Borelli"
"Jesse van den Kieboom","Paolo Borelli"
"Jesse van den Kieboom","Paolo Borelli"
"Jesse van den Kieboom","Paolo Borelli"
"Jesse van den Kieboom","Daniel Trebbien"
"Jesse van den Kieboom","Daniel Trebbien"
"Jesse van den Kieboom","Daniel Trebbien"
"Jesse van den Kieboom","Daniel Trebbien"
"Jesse van den Kieboom","Daniel Trebbien"
"Jesse van den Kieboom","Daniel Trebbien"
"Jesse van den Kieboom","Daniel Trebbien"
"Jesse van den Kieboom","Daniel Trebbien"
"Jesse van den Kieboom","Daniel Trebbien"
"Jesse van den Kieboom","Daniel Trebbien"
"Jesse van den Kieboom","Daniel Trebbien"
"Jesse van den Kieboom","Daniel Trebbien"
"Jesse van den Kieboom","Daniel Trebbien"
"Jesse van den Kieboom","Daniel Trebbien"
"Jesse van den Kieboom","Javier Jardón"
"Jesse van den Kieboom","Javier Jardón"
"Justin Lecher","Kalev Lember"
"Justin Lecher","Kalev Lember"
"Fábio Nogueira","Adorilson Bezerra"
"Fábio Nogueira","Adorilson Bezerra"
"Fábio Nogueira","Adorilson Bezerra"
